"acra","acra_library"
"activemq","activemq"
"activemq","activemq-core"
"alkacon","opencms"
"antisamy_project","antisamy"
"apache","activemq_apollo"
"apache","activemq_artemis"
"apache","archiva"
"apache","axis2"
"apache","batik"
"apache","brooklyn"
"apache","commons_email"
"apache","cordova"
"apache","cordova_in-app-browser"
"apache","derby"
"apache","directory_ldap_api"
"apache","directory_studio"
"apache","geode"
"apache","geronimo"
"apache","groovy"
"apache","guacamole"
"apache","hadoop"
"apache","httpclient"
"apache","ignite"
"apache","jackrabbit"
"apache","jetspeed"
"apache","ldap_studio"
"apache","myfaces"
"apache","nifi"
"apache","ofbiz"
"apache","open_for_business_project"
"apache","openmeetings"
"apache","opentaps"
"apache","org.apache.sling.servlets.post"
"apache","qpid_java"
"apache","ranger"
"apache","shiro"
"apache","sling_servlets_post"
"apache","solr"
"apache","struts"
"apache","struts2-showcase"
"apache","syncope"
"apache","tomcat"
"apache","tomee"
"apache","xalan-java"
"apache","xml_security_for_java"
"apache_software_foundation","tomcat"
"at.molindo.social","spring-social-core"
"axis","axis"
"batik","batik-dom"
"batik","batik-transcoder"
"bouncycastle","bcprov-jdk12"
"bouncycastle","bcprov-jdk13"
"bouncycastle","bcprov-jdk14"
"bouncycastle","bcprov-jdk15"
"bouncycastle","bcprov-jdk16"
"bouncycastle","legion-of-the-bouncy-castle-c%23-cryptography-api"
"bouncycastle","legion-of-the-bouncy-castle-c%23-crytography-api"
"bouncycastle","legion-of-the-bouncy-castle-java-crytography-api"
"br.com.esec.icpm","certillion-client-library"
"bsh","bsh"
"ca.juliusdavies","not-yet-commons-ssl"
"candlepinproject","candlepin"
"castor","castor"
"ca.uhn.hapi.fhir","hapi-fhir"
"ca.uhn.hapi.fhir","hapi-fhir-testpage-overlay"
"ch.acra","acra"
"ch.qos.logback","logback-classic"
"ch.qos.logback","logback-core"
"cloudbees","jenkins"
"cn.hutool","hutool-core"
"co.cask.cdap","cdap-flume"
"com.adobe.xmp","xmpcore"
"com.airlenet","play-framework"
"com.alibaba","fastjson"
"com.alibaba.citrus.tool","antx-autoconfig"
"com.alibaba.nacos","nacos-api"
"com.amazonaws","aws-android-sdk-core"
"com.amazonaws","aws-encryption-sdk-java"
"com.android.tools.build","builder"
"com.automation-remarks","video-recorder-remote"
"com.azure","azure-sdk-all"
"com.barchart.wrap","barchart-wrap-axis"
"com.beust","jcommander"
"com.blazegraph","BlazegraphBasedTPFServer"
"com.browserup","browserup-proxy"
"com.cedarsoft.rest","jersey"
"com.cronutils","cron-utils"
"com.ctrip.framework.apollo","apollo"
"com.danielflower.apprunner","app-runner"
"com.data-artisans","cascading-flink"
"com.datomic","datomic-free"
"com.eclipsesource.jaxrs","swagger-all"
"com.elastisys.scale","cloudadapters.aws.autoscaling"
"com.elastisys.scale","cloudadapters.aws.ec2"
"com.elastisys.scale","cloudadapters.openstack"
"com.elastisys.scale","cloudadapters.splitter"
"com.elastisys.scale","cloudpool.aws.autoscaling"
"com.elastisys.scale","cloudpool.aws.ec2"
"com.elastisys.scale","cloudpool.aws.spot"
"com.elastisys.scale","cloudpool.openstack"
"com.elastisys.scale","cloudpool.splitter"
"com.etsy","statsd-jvm-profiler"
"com.exadel.flamingo.flex","amf-serializer"
"com.facebook.nifty","nifty-load-tester"
"com.facebook.swift","swift-load-generator"
"com.fasterxml.jackson.core","jackson-core"
"com.fasterxml.jackson.core","jackson-databind"
"com.fasterxml.jackson.dataformat","jackson-dataformats-binary"
"com.fasterxml.jackson.dataformat","jackson-dataformat-xml"
"com.fasterxml.jackson.module","jackson-module-scala"
"com.fasterxml.transistore","transistore-server"
"com.floragunn","search-guard-6"
"com.floragunn","search-guard-kibana-plugin"
"com.frightanic","open-data-smn"
"com.ge.snowizard","snowizard-api"
"com.ge.snowizard","snowizard-application"
"com.ge.snowizard","snowizard-client"
"com.github.axet","zip4j"
"com.github.brandtg","switchboard-file"
"com.github.brandtg","switchboard-hdfs"
"com.github.brandtg","switchboard-mysql"
"com.github.grails-galahad","webapp-runner"
"com.github.gwtmaterialdesign","gwt-material"
"com.github.heuermh.adamexamples","adam-examples_2.10"
"com.github.jsimone","webapp-runner"
"com.github.junrar","junrar"
"com.github.kislayverma.rulette","rulette-rest"
"com.github.mtakaki","credential-storage"
"com.github.mtakaki","credential-storage-client"
"com.github.noraui","noraui"
"com.github.pabloo99.xmlsoccer","xmlsoccer"
"com.github.penggle","kaptcha"
"com.github.ptgoetz","flux-examples"
"com.github.raychatter","spring-restful-exception-handler"
"com.github.rwirdemann","mockwizard"
"com.github.safrain","remote-gsh-shell"
"com.github.sakserv","hadoop-mini-clusters"
"com.github.sakserv","hadoop-mini-clusters-hbase"
"com.github.sharispe","slib-tools-sml-toolkit"
"com.github.tomakehurst","wiremock"
"com.googlecode.gwtupload","gwtupload"
"com.googlecode.usc","folder-compression-app"
"com.googlecode.wicket-jquery-ui","jquery-ui-plugins"
"com.googlecode.wicket-jquery-ui","wicket-jquery-ui"
"com.googlecode.wicket-jquery-ui","wicket-jquery-ui-core"
"com.googlecode.wicket-jquery-ui","wicket-jquery-ui-plugins"
"com.googlecode.wicket-jquery-ui","wicket-jquery-ui-samples"
"com.googlecode.wicket-jquery-ui","wicket-kendo-ui"
"com.google.crypto.tink","tink"
"com.google.guava","guava"
"com.google.gwt","gwt"
"com.google.gwt","gwt-dev"
"com.google.gwt","gwt-user"
"com.google.oauth-client","google-oauth-client"
"com.gradle","gradle-enterprise-maven-extension"
"com.graphaware.neo4j","graphaware-framework-server-community"
"com.graphaware.neo4j","resttest"
"com.h2database","h2"
"com.hazelcast","hazelcast"
"com.hazelcast","hazelcast-client"
"com.hotels.styx","styx-api"
"com.hotels.styx","styx-client"
"com.hotels.styx","styx-server"
"com.hubspot","BaragonAgentService"
"com.hubspot.jinjava","jinjava"
"com.inversoft","prime-jwt"
"com.itextpdf","itextpdf"
"com.itextpdf","itext-pdfa"
"com.itextpdf","pdfa"
"com.iveely","com.iveely.computing"
"com.jamonapi","jamon"
"com.jason-goodwin","authentikat-jwt_2.10"
"com.jason-goodwin","authentikat-jwt_2.11"
"com.jason-goodwin","authentikat-jwt_2.12"
"com.jcraft","jsch"
"com.jfinal","jfinal"
"com.kitfox.svg","svg-salamander"
"com.liferay","com.liferay.portal.security.antisamy"
"com.liferay.portal","com.liferay.portal.impl"
"com.liferay.portal","com.liferay.portal.kernel"
"com.liferay.portal","portal-impl"
"com.liferay.portal","portal-service"
"com.linecorp.armeria","armeria"
"com.liulishuo.filedownloader","library"
"com.madgag.spongycastle","bctls-jdk15on"
"com.mchange","c3p0"
"com.meltmedia.cadmium","cadmium-cli"
"com.microsoft.azure","azure-maven-plugin"
"com.mikesamuel","json-sanitizer"
"commons-beanutils","commons-beanutils"
"commons-collections","commons-collections"
"commons-email","commons-email"
"commons-fileupload","commons-fileupload"
"commons-httpclient","commons-httpclient"
"commons-jelly","commons-jelly"
"com.mtvi.plateng.hudson","ldapemail"
"com.nablarch.framework","nablarch-fw-web-dbstore"
"com.neovisionaries","nv-websocket-client"
"com.netflix.hystrix","hystrix-core"
"com.neuronrobotics","BowlerScriptingKernel"
"com.nhncorp.ntaf","ntaf-fitnesse"
"com.nimbusds","nimbus-jose-jwt"
"com.ning","async-http-client"
"com.opensymphony","xwork"
"com.opensymphony","xwork-core"
"com.orange.redis-protocol","netty4-server"
"com.orientechnologies","orientdb-community"
"com.orientechnologies","orientdb-core"
"com.orientechnologies","orientdb-server"
"com.ovea.tajin.server","tajin-server-jetty8"
"com.ovea.tajin.server","tajin-server-jetty9"
"com.ovea.tajin.server","tajin-server-tomcat7"
"com.puppycrawl.tools","checkstyle"
"com.puresoltechnologies.ductiledb","ductiledb-jdbc"
"com.puresoltechnologies.purifinity.plugins","metrics.ddl"
"com.puresoltechnologies.purifinity.server","global.ddl"
"com.puresoltechnologies.purifinity.server","passwordstore.ddl"
"com.puresoltechnologies.purifinity.server","server.ddl"
"com.puresoltechnologies.purifinity.server","systemmonitor.ddl"
"com.qubole","quark-server"
"com.rabbitmq.jms","rabbitmq-jms"
"com.salesforceiq.augmenteddriver","AugmentedDriver"
"com.sap.scimono","scimono-client"
"com.smoketurner.notification","notification-application"
"com.smoketurner.pipeline","pipeline-application"
"com.softwaremill","akka-http-session_2.11"
"com.sonyericsson.hudson.plugins.gerrit","gerrit-trigger"
"com.sparkjava","spark-core"
"com.squareup","connect"
"com.squareup.okhttp","okhttp"
"com.squareup.okhttp3","okhttp"
"com.squareup.retrofit2","converter-jaxb"
"com.squareup.retrofit2","retrofit"
"com.sun.faces","jsf-api"
"com.sun.faces","jsf-impl"
"com.sun.mail","javax.mail"
"com.suse.salt","salt-netapi-client"
"com.testingbot","TestingBotTunnel"
"com.thoughtworks.xstream","xstream"
"com.twitter","twitter-server_2.12"
"com.typesafe.akka","akka-actor_2.10"
"com.typesafe.akka","akka-actor_2.10.0-M7"
"com.typesafe.akka","akka-actor_2.10.0-RC1"
"com.typesafe.akka","akka-actor_2.10.0-RC2"
"com.typesafe.akka","akka-actor_2.10.0-RC3"
"com.typesafe.akka","akka-actor_2.10.0-RC5"
"com.typesafe.akka","akka-actor_2.11"
"com.typesafe.akka","akka-actor_2.11.0-M3"
"com.typesafe.akka","akka-actor_2.11.0-M4"
"com.typesafe.akka","akka-actor_2.11.0-M5"
"com.typesafe.akka","akka-actor_2.11.0-M7"
"com.typesafe.akka","akka-actor_2.11.0-M8"
"com.typesafe.akka","akka-actor_2.11.0-RC1"
"com.typesafe.akka","akka-actor_2.11.0-RC3"
"com.typesafe.akka","akka-actor_2.11.0-RC4"
"com.typesafe.akka","akka-actor_2.12"
"com.typesafe.akka","akka-actor_2.12.0-M1"
"com.typesafe.akka","akka-actor_2.12.0-M2"
"com.typesafe.akka","akka-actor_2.12.0-M3"
"com.typesafe.akka","akka-actor_2.12.0-M4"
"com.typesafe.akka","akka-actor_2.12.0-M5"
"com.typesafe.akka","akka-actor_2.12.0-RC1"
"com.typesafe.akka","akka-actor_2.12.0-RC2"
"com.typesafe.akka","akka-http"
"com.typesafe.akka","akka-http_2.11"
"com.typesafe.akka","akka-http_2.12"
"com.typesafe.play","play_2.11"
"com.typesafe.play","play_2.12"
"com.typesafe.play","play_2.13.0-M3"
"com.typesafe.sbt","incremental-compiler"
"com.uber.tchannel","tchannel-hyperbahn"
"com.unboundid","unboundid-ldapsdk"
"com.vaadin","vaadin"
"com.vmware.xenon","xenon-common"
"com.walmartlabs.concord.server","concord-server"
"com.wavefront","proxy"
"com.xuxueli","xxl-job"
"com.yahoo.elide","elide-core"
"com.zavakid.citrus.tool","antx-autoconfig"
"connect2id","nimbus_jose%2bjwt"
"co.paralleluniverse","comsat-jetty-loader"
"dashbuilder_project","dashbuilder"
"de.is24.util","junit-karma-testrunner"
"de.matrixweb.smaller","ant-standalone"
"de.matrixweb.smaller","javascript"
"de.matrixweb.smaller","servlet"
"de.matrixweb.smaller","standalone"
"de.nierbeck.cassandra","Karaf-Cassandra-Embedded"
"derrick_oswald","html-parser"
"dev.paseto","jpaseto-impl"
"dev.paseto","jpaseto-sodium"
"dotcms","dotcms"
"dwr","dwr"
"eclipse","birt"
"eclipse","jetty"
"edu.internet2.middleware","shibboleth-identityprovider"
"edu.ucar","netcdf"
"edu.vt.middleware","vt-ldap"
"emeric_vernat","javamelody"
"eviware","soapui"
"exist","exist"
"fasterxml","jackson-databind"
"freeplane","freeplane"
"fr.iscpif.gridscale.bundle","egi_2.10"
"fr.iscpif.gridscale.bundle","egi_2.11"
"fr.iscpif.gridscale.bundle","glite_2.11"
"fr.lip6.pnml","fr.lip6.pnml.check"
"geronimo","geronimo-tomcat"
"google","authenticator"
"gpsdrive","gpsdrive"
"gr.iti.mklab","mklab-stream-manager"
"hawt","hawtio"
"hudson.plugins.sctmexecutor","SCTMExecutor"
"igniterealtime","openfire"
"igniterealtime","smack"
"ignite_realtime","openfire"
"io.advantageous.qbit","qbit-jetty"
"io.advantageous.qbit","qbit-vertx"
"io.airlift","http-server"
"io.apigee.opensaml","opensaml"
"io.corbel","feedback-rem"
"io.dropwizard","dropwizard-project"
"io.dropwizard","dropwizard-validation"
"io.fabric8","fabric8-maven-plugin-build"
"io.fabric8","fabric-maven-proxy"
"io.fabric8.insight","insight-rhq-metrics"
"io.hawt","hawtio-karaf-terminal"
"io.jooby","jooby-project"
"io.netty","netty"
"io.netty","netty-all"
"io.netty","netty-codec"
"io.netty","netty-codec-http"
"io.netty","netty-codec-http2"
"io.netty","netty-handler"
"io.paradoxical","cassieq-core"
"io.pebbletemplates","pebble-project"
"io.prestosql","presto-server"
"io.ratpack","ratpack-core"
"io.rhiot","rhiot-datasteam-node"
"io.selendroid","selendroid-standalone"
"io.soabase.exhibitor","exhibitor"
"io.spray","spray-httpx"
"io.spray","spray-httpx_2.10"
"io.spray","spray-httpx_2.11"
"io.swagger","swagger-codegen"
"io.swagger","swagger-codegen-cli"
"io.swagger","swagger-codegen-project"
"io.swagger","swagger-parser"
"io.syndesis.server","server-runtime"
"io.undertow","undertow-core"
"io.undertow","undertow-parent"
"io.undertow","undertow-parser-generator"
"io.undertow","undertow-servlet"
"io.vertx","vertx-core"
"io.vertx","vertx-proton"
"io.vertx","vertx-web"
"io.vertx","vertx-web-api-contract"
"itextpdf","itext"
"javamail","javamail"
"javax.faces","jsf-impl"
"javax.mail","javax.mail-api"
"javax.mail","mail"
"javax.servlet","jstl"
"jboss","jnpserver"
"jenkins","ccm"
"jenkins","config_file_provider"
"jenkins","dry"
"jenkins","ec2"
"jenkins","favorite_plugin"
"jenkins","gerrit_trigger"
"jenkins","jenkins"
"jenkins","multijob"
"jenkins","script_security"
"jenkins","subversion"
"jenkins-ci","build_failure_analyzer"
"jenkins-ci","exclusion"
"jenkins-ci","monitoring_plugin"
"jenkins-ci","subversion-plugin"
"jesse_mcconnell","redback"
"jetty","jetty"
"jforum","jforum"
"jitsi","jitsi"
"jivesoftware","smack"
"jolokia","jolokia"
"jstl","jstl"
"junit","junit"
"keycloak","keycloak"
"liferay","liferay_portal"
"log4j","log4j"
"logback","logback"
"mislav_marohnic","will_paginate"
"mortbay","jetty"
"mysql","mysql-connector-java"
"neo4j","neo4j"
"net.bull.javamelody","javamelody-core"
"net.dempsy","dempsy-distconfig.main"
"net.fckeditor","java-core"
"net.gplatform","Sdk4J"
"net.i2p","router"
"net.liftweb","lift-core"
"net.liftweb","lift-json_2.10"
"net.liftweb","lift-json_2.9.1"
"net.liftweb","lift-json_2.9.2"
"net.lightbody.bmp","browsermob-dist"
"net.lingala.zip4j","zip4j"
"net.officefloor.eclipse","eclipse"
"net.opentsdb","opentsdb"
"net.oschina.durcframework","durcframework-core"
"net.scattersphere","scattersphere-core"
"net.seedboxer","seedboxer-standalone"
"net.sf.dozer","dozer"
"net.sf.json-lib","json-lib"
"net.sf.mpxj","mpxj"
"net.sf.openas2","OpenAS2"
"net.sourceforge.htmlunit","htmlunit"
"net.sourceforge.jmatio","jmatio"
"net.sourceforge.pmd","pmd-core"
"net.winroad","wrdoclet"
"no.difi.oxalis","oxalis-standalone"
"ognl","ognl"
"opensymphony","ognl"
"opensymphony","xwork"
"oracle","glassfish_server"
"oracle","javafx"
"oracle","mojarra"
"oracle","weblogic_server"
"org","handsontable"
"org.abstractj","libpam4j"
"org.acegisecurity","acegi-security"
"org.apache.accumulo","accumulo-core"
"org.apache.activemq","activemq-all"
"org.apache.activemq","activemq-broker"
"org.apache.activemq","activemq-client"
"org.apache.activemq","activemq-console"
"org.apache.activemq","activemq-core"
"org.apache.activemq","activemq-fileserver"
"org.apache.activemq","activemq-jaas"
"org.apache.activemq","activemq-osgi"
"org.apache.activemq","activemq-parent"
"org.apache.activemq","activemq-stomp"
"org.apache.activemq","activemq-unit-tests"
"org.apache.activemq","activemq-web"
"org.apache.activemq","activemq-web-console"
"org.apache.activemq","activemq-web-demo"
"org.apache.activemq","apache-activemq"
"org.apache.activemq","apollo-selector"
"org.apache.activemq","artemis-cli"
"org.apache.activemq","artemis-jms-client"
"org.apache.activemq.rest","artemis-rest"
"org.apache.ant","ant"
"org.apache.archiva","archiva"
"org.apache.archiva","archiva-common"
"org.apache.archiva","archiva-modules"
"org.apache.archiva","archiva-rest-services"
"org.apache.archiva","archiva-web"
"org.apache.archiva","archiva-webapp"
"org.apache.archiva","archiva-web-common"
"org.apache.archiva.redback","redback-rest-services"
"org.apache.asterix","apache-asterixdb"
"org.apache.atlas","apache-atlas"
"org.apache.atlas","atlas-dashboardv2"
"org.apache.atlas","atlas-webapp"
"org.apache.avro","avro-tools"
"org.apache.axis","axis"
"org.apache.axis2","axis2"
"org.apache.axis2","axis2-kernel"
"org.apache.axis2","axis2-webapp"
"org.apache.axis2","org.apache.axis2.osgi"
"org.apache.bigtop.itest","fat-smoke"
"org.apache.brooklyn","brooklyn"
"org.apache.brooklyn","brooklyn-api"
"org.apache.brooklyn","brooklyn-core"
"org.apache.brooklyn","brooklyn-jsgui"
"org.apache.brooklyn","brooklyn-launcher"
"org.apache.brooklyn","brooklyn-rest-api"
"org.apache.brooklyn","brooklyn-rest-resources"
"org.apache.brooklyn","brooklyn-rest-server"
"org.apache.brooklyn","brooklyn-utils-common"
"org.apache.camel","apache-camel"
"org.apache.camel","camel"
"org.apache.camel","camel-ahc"
"org.apache.camel","camel-api"
"org.apache.camel","camel-beanstalk"
"org.apache.camel","camel-blueprint"
"org.apache.camel","camel-cache"
"org.apache.camel","camel-castor"
"org.apache.camel","camel-castor-starter"
"org.apache.camel","camel-component"
"org.apache.camel","camel-core"
"org.apache.camel","camel-core-xml"
"org.apache.camel","camel-cxf"
"org.apache.camel","camel-ehcache"
"org.apache.camel","camel-endpointdsl"
"org.apache.camel","camel-ftp"
"org.apache.camel","camel-hessian"
"org.apache.camel","camel-hessian-starter"
"org.apache.camel","camel-http"
"org.apache.camel","camel-http4"
"org.apache.camel","camel-http-common"
"org.apache.camel","camel-jackson"
"org.apache.camel","camel-jacksonxml"
"org.apache.camel","camel-jetty9"
"org.apache.camel","camel-jetty-common"
"org.apache.camel","camel-jmx"
"org.apache.camel","camel-mail"
"org.apache.camel","camel-main"
"org.apache.camel","camel-management"
"org.apache.camel","camel-management-api"
"org.apache.camel","camel-openapi-java"
"org.apache.camel","camel-openapi-rest-dsl-generator"
"org.apache.camel","camel-parent"
"org.apache.camel","camel-rabbitmq"
"org.apache.camel","camel-rest-openapi"
"org.apache.camel","camel-saxon"
"org.apache.camel","camel-snakeyaml"
"org.apache.camel","camel-spring-boot"
"org.apache.camel","camel-test"
"org.apache.camel","camel-web-standalone"
"org.apache.camel","camel-xstream"
"org.apache.camel","components"
"org.apache.camel","platforms"
"org.apache.cassandra","apache-cassandra"
"org.apache.cassandra","cassandra-all"
"org.apache.cayenne","cayenne-modeler"
"org.apache.click","click"
"org.apache.commons","commons-collections4"
"org.apache.commons","commons-compress"
"org.apache.commons","commons-configuration2"
"org.apache.commons","commons-dbcp2"
"org.apache.commons","commons-email"
"org.apache.continuum","continuum"
"org.apache.continuum","continuum-core"
"org.apache.continuum","continuum-docs"
"org.apache.continuum","continuum-security"
"org.apache.continuum","continuum-webapp"
"org.apache.curator","curator-x-rpc"
"org.apache.cxf","apache-cxf"
"org.apache.cxf","cxf"
"org.apache.cxf","cxf-api"
"org.apache.cxf","cxf-bundle"
"org.apache.cxf","cxf-bundle-jaxrs"
"org.apache.cxf","cxf-bundle-minimal"
"org.apache.cxf","cxf-common-utilities"
"org.apache.cxf","cxf-core"
"org.apache.cxf","cxf-parent"
"org.apache.cxf","cxf-rt"
"org.apache.cxf","cxf-rt-bindings-soap"
"org.apache.cxf","cxf-rt-bindings-xml"
"org.apache.cxf","cxf-rt-core"
"org.apache.cxf","cxf-rt-frontend-jaxrs"
"org.apache.cxf","cxf-rt-management"
"org.apache.cxf","cxf-rt-rs-extension-providers"
"org.apache.cxf","cxf-rt-rs-security-jose"
"org.apache.cxf","cxf-rt-rs-security-oauth2"
"org.apache.cxf","cxf-rt-rs-security-sso-oidc"
"org.apache.cxf","cxf-rt-rs-security-sso-saml"
"org.apache.cxf","cxf-rt-rs-security-xml"
"org.apache.cxf","cxf-rt-transports-http"
"org.apache.cxf","cxf-rt-transports-http-jetty"
"org.apache.cxf","cxf-rt-transports-udp"
"org.apache.cxf","cxf-rt-ws-security"
"org.apache.cxf","cxf-tools"
"org.apache.cxf","cxf-tools-validator"
"org.apache.cxf.fediz","fediz"
"org.apache.cxf.fediz","fediz-core"
"org.apache.cxf.fediz","fediz-cxf"
"org.apache.cxf.fediz","fediz-idp"
"org.apache.cxf.fediz","fediz-jetty8"
"org.apache.cxf.fediz","fediz-jetty9"
"org.apache.cxf.fediz","fediz-oidc"
"org.apache.cxf.fediz","fediz-spring"
"org.apache.cxf.fediz","fediz-spring2"
"org.apache.cxf.fediz","fediz-spring3"
"org.apache.cxf.fediz","services"
"org.apache.cxf.fediz","systests"
"org.apache.cxf.services.sts","cxf-services-sts"
"org.apache.cxf.services.sts","cxf-services-sts-core"
"org.apache.cxf.systests","cxf-systests"
"org.apache.cxf.systests","cxf-systests-uncategorized"
"org.apache.cxf.systests","cxf-systests-ws-security-examples"
"org.apache.deltaspike.core","deltaspike-core-api"
"org.apache.deltaspike.modules","deltaspike-jsf-module-impl"
"org.apache.derby","derby"
"org.apache.derby","derbynet"
"org.apache.directory.api","apache-ldap-api"
"org.apache.directory.api","api-all"
"org.apache.directory.api","api-ldap-client-all"
"org.apache.directory.api","api-ldap-client-api"
"org.apache.directory.api","api-ldap-model"
"org.apache.directory.server","apacheds-all"
"org.apache.directory.server","apacheds-service"
"org.apache.directory.studio","ldapbrowser.core"
"org.apache.dolphinscheduler","dolphinscheduler-dao"
"org.apache.drill.exec","drill-java-exec"
"org.apache.druid.extensions","druid-basic-security"
"org.apache.dubbo","dubbo-rpc-http"
"org.apache.dubbo","dubbo-serialization-hessian2"
"org.apache-extras.beanshell","bsh"
"org.apache.felix","org.apache.felix.http.cometd"
"org.apache.felix","org.apache.felix.webconsole"
"org.apache.felix.karaf","org.apache.felix.karaf.client"
"org.apache.flex.blazeds","flex-messaging-core"
"org.apache.flex.blazeds","flex-messaging-remoting"
"org.apache.flink","flink-metrics-jmx"
"org.apache.flink","flink-runtime"
"org.apache.flink","flink-runtime_2.11"
"org.apache.flink","flink-shaded-curator-recipes"
"org.apache.flink","flink-shaded-curator-recipes_2.11"
"org.apache.flink","flink-yarn-tests"
"org.apache.geode","geode-core"
"org.apache.geode","geode-cq"
"org.apache.geode","geode-junit"
"org.apache.geode","geode-lucene"
"org.apache.geode","geode-pulse"
"org.apache.geode","geode-wan"
"org.apache.geronimo","geronimo"
"org.apache.geronimo","geronimo-tomcat"
"org.apache.geronimo.bundles","woodstox"
"org.apache.geronimo.framework","geronimo-jmx-remoting"
"org.apache.geronimo.framework","geronimo-kernel"
"org.apache.geronimo.framework","geronimo-security"
"org.apache.geronimo.modules","geronimo-tomcat"
"org.apache.geronimo.modules","geronimo-tomcat6"
"org.apache.hadoop","hadoop-auth"
"org.apache.hadoop","hadoop-client"
"org.apache.hadoop","hadoop-common"
"org.apache.hadoop","hadoop-core"
"org.apache.hadoop","hadoop-hdfs"
"org.apache.hadoop","hadoop-hdfs-client"
"org.apache.hadoop","hadoop-main"
"org.apache.hadoop","hadoop-mapreduce"
"org.apache.hadoop","hadoop-mapreduce-client"
"org.apache.hadoop","hadoop-mapreduce-client-app"
"org.apache.hadoop","hadoop-mapreduce-client-core"
"org.apache.hadoop","hadoop-mapreduce-client-hs"
"org.apache.hadoop","hadoop-mapreduce-client-jobclient"
"org.apache.hadoop","hadoop-project"
"org.apache.hadoop","hadoop-test"
"org.apache.hadoop","hadoop-yarn"
"org.apache.hadoop","hadoop-yarn-api"
"org.apache.hadoop","hadoop-yarn-common"
"org.apache.hadoop","hadoop-yarn-registry"
"org.apache.hadoop","hadoop-yarn-server"
"org.apache.hadoop","hadoop-yarn-server-applicationhistoryservice"
"org.apache.hadoop","hadoop-yarn-server-common"
"org.apache.hadoop","hadoop-yarn-server-nodemanager"
"org.apache.hadoop","hadoop-yarn-server-resourcemanager"
"org.apache.hadoop","zookeeper"
"org.apache.hbase","hbase"
"org.apache.hbase","hbase-client"
"org.apache.hbase","hbase-thrift"
"org.apache.hive","hive"
"org.apache.hive","hive-common"
"org.apache.hive","hive-exec"
"org.apache.hive","hive-hplsql"
"org.apache.hive","hive-jdbc"
"org.apache.hive","hive-service"
"org.apache.hive.hcatalog","hive-webhcat"
"org.apache.hive.shims","hive-shims-common-secure"
"org.apache.httpcomponents","httpasyncclient"
"org.apache.httpcomponents","httpclient"
"org.apache.httpcomponents","httpcomponents-client"
"org.apache.httpcomponents","httpmime"
"org.apache.ignite","ignite-core"
"org.apache.ignite","ignite-yarn"
"org.apache.iotdb","iotdb-server"
"org.apache.jackrabbit","jackrabbit"
"org.apache.jackrabbit","jackrabbit-spi"
"org.apache.jackrabbit","jackrabbit-spi2dav"
"org.apache.jackrabbit","jackrabbit-standalone"
"org.apache.jackrabbit","jackrabbit-webdav"
"org.apache.jackrabbit","oak-run"
"org.apache.james","james-server"
"org.apache.jclouds","jclouds-compute"
"org.apache.jmeter","ApacheJMeter_core"
"org.apache.jspwiki","jspwiki-builder"
"org.apache.jspwiki","jspwiki-main"
"org.apache.jspwiki.it","jspwiki-selenide-tests"
"org.apache.juddi","juddi-client"
"org.apache.juddi","juddi-core"
"org.apache.juddi","juddi-gui-dsig"
"org.apache.juddi","juddi-gui-war"
"org.apache.juddi","juddi-portal-bundle"
"org.apache.juddi","juddiv3-war-repl"
"org.apache.juddi","uddi-tck-base"
"org.apache.kafka","connect-api"
"org.apache.kafka","kafka_2.10"
"org.apache.kafka","kafka_2.11"
"org.apache.kafka","kafka_2.12"
"org.apache.kafka","kafka-clients"
"org.apache.kafka","kafka-streams"
"org.apache.karaf","apache-karaf"
"org.apache.karaf","org.apache.karaf.client"
"org.apache.karaf","org.apache.karaf.main"
"org.apache.karaf","org.apache.karaf.util"
"org.apache.karaf.jaas","org.apache.karaf.jaas.modules"
"org.apache.karaf.management","org.apache.karaf.management.server"
"org.apache.karaf.shell","org.apache.karaf.shell.console"
"org.apache.karaf.shell","org.apache.karaf.shell.core"
"org.apache.karaf.specs","org.apache.karaf.specs.java.xml"
"org.apache.karaf.tooling","karaf-maven-plugin"
"org.apache.karaf.webconsole","org.apache.karaf.webconsole.features"
"org.apache.karaf.webconsole","org.apache.karaf.webconsole.gogo"
"org.apache.karaf.webconsole","org.apache.karaf.webconsole.instance"
"org.apache.knox","gateway"
"org.apache.knox","gateway-provider-identity-assertion-common"
"org.apache.knox","gateway-release"
"org.apache.kylin","kylin"
"org.apache.kylin","kylin-core-common"
"org.apache.kylin","kylin-jdbc"
"org.apache.kylin","kylin-server-base"
"org.apache.livy","livy-server"
"org.apache.logging.log4j","log4j"
"org.apache.logging.log4j","log4j-core"
"org.apache.lucene","lucene-core"
"org.apache.lucene","lucene-queryparser"
"org.apache.lucene","lucene-xml-query-parser"
"org.apache.marmotta","marmotta-loader-berkeley"
"org.apache.marmotta","marmotta-loader-hbase"
"org.apache.marmotta","marmotta-loader-kiwi"
"org.apache.maven","maven-aether-provider"
"org.apache.maven","maven-artifact"
"org.apache.maven","maven-compat"
"org.apache.maven","maven-core"
"org.apache.maven","maven-embedder"
"org.apache.maven","maven-model"
"org.apache.maven","maven-model-builder"
"org.apache.maven","maven-plugin-api"
"org.apache.maven","maven-repository-metadata"
"org.apache.maven","maven-settings"
"org.apache.maven","maven-settings-builder"
"org.apache.maven.shared","maven-shared-utils"
"org.apache.maven.wagon","wagon-http-shared"
"org.apache.mesos","mesos"
"org.apache.mina","mina-core"
"org.apache.myfaces.commons","myfaces-commons"
"org.apache.myfaces.core","myfaces-api"
"org.apache.myfaces.core","myfaces-core-project"
"org.apache.myfaces.core","myfaces-impl"
"org.apache.myfaces.core.internal","myfaces-impl-shared"
"org.apache.myfaces.shared","myfaces-shared-core"
"org.apache.myfaces.shared","myfaces-shared-impl"
"org.apache.myfaces.trinidad","trinidad"
"org.apache.myfaces.trinidad","trinidad-impl"
"org.apache.nifi","nifi"
"org.apache.nifi","nifi-api"
"org.apache.nifi","nifi-commons"
"org.apache.nifi","nifi-custom-ui-utilities"
"org.apache.nifi","nifi-framework-api"
"org.apache.nifi","nifi-framework-authorization"
"org.apache.nifi","nifi-framework-cluster"
"org.apache.nifi","nifi-framework-core"
"org.apache.nifi","nifi-jetty"
"org.apache.nifi","nifi-jetty-bundle"
"org.apache.nifi","nifi-jms-cf-service"
"org.apache.nifi","nifi-jms-cf-service-nar"
"org.apache.nifi","nifi-jms-processors"
"org.apache.nifi","nifi-jms-processors-nar"
"org.apache.nifi","nifi-kafka-processors"
"org.apache.nifi","nifi-parameter"
"org.apache.nifi","nifi-resources"
"org.apache.nifi","nifi-security"
"org.apache.nifi","nifi-security-utils"
"org.apache.nifi","nifi-standard-processors"
"org.apache.nifi","nifi-utils"
"org.apache.nifi","nifi-web"
"org.apache.nifi","nifi-web-api"
"org.apache.nifi","nifi-web-content-access"
"org.apache.nifi","nifi-web-content-viewer"
"org.apache.nifi","nifi-web-security"
"org.apache.nifi","nifi-web-ui"
"org.apache.nifi.registry","nifi-registry"
"org.apache.ode","ode-axis2"
"org.apache.olingo","odata-client-core"
"org.apache.olingo","odata-client-proxy"
"org.apache.olingo","odata-server-core"
"org.apache.oodt","oodt-core"
"org.apache.oozie","oozie-core"
"org.apache.oozie","oozie-main"
"org.apache.openejb","arquillian-tomee-common"
"org.apache.openejb","arquillian-tomee-embedded"
"org.apache.openejb","openejb-client"
"org.apache.openejb","openejb-core"
"org.apache.openejb","openejb-lite"
"org.apache.openejb.patch","openejb-cxf-bundle"
"org.apache.openjpa","apache-openjpa"
"org.apache.openjpa","openjpa"
"org.apache.openjpa","openjpa-jdbc"
"org.apache.openjpa","openjpa-kernel"
"org.apache.openjpa","openjpa-lib"
"org.apache.openjpa","openjpa-slice"
"org.apache.openmeetings","openmeetings-db"
"org.apache.openmeetings","openmeetings-parent"
"org.apache.openmeetings","openmeetings-util"
"org.apache.opennlp","opennlp"
"org.apache.opennlp","opennlp-tools"
"org.apache.orc","orc-core"
"org.apache.pdfbox","fontbox"
"org.apache.pdfbox","jempbox"
"org.apache.pdfbox","pdfbox"
"org.apache.pdfbox","preflight-app"
"org.apache.pdfbox","xmpbox"
"org.apache.phoenix","phoenix-pherf"
"org.apache.poi","poi"
"org.apache.poi","poi-examples"
"org.apache.poi","poi-excelant"
"org.apache.poi","poi-ooxml"
"org.apache.poi","poi-scratchpad"
"org.apache.portals.jetspeed-2","applications"
"org.apache.portals.jetspeed-2","j2-admin"
"org.apache.portals.jetspeed-2","jetspeed"
"org.apache.portals.jetspeed-2","jetspeed-2"
"org.apache.portals.jetspeed-2","jetspeed-api"
"org.apache.portals.jetspeed-2","jetspeed-portal"
"org.apache.portals.jetspeed-2","jetspeed-security"
"org.apache.portals.pluto","pluto"
"org.apache.portals.pluto","PortletV3AnnotatedDemo"
"org.apache.qpid","apache-qpid-broker-j"
"org.apache.qpid","proton"
"org.apache.qpid","proton-j"
"org.apache.qpid","proton-project"
"org.apache.qpid","qpid-broker"
"org.apache.qpid","qpid-broker-core"
"org.apache.qpid","qpid-broker-plugins-amqp-0-10-protocol"
"org.apache.qpid","qpid-broker-plugins-amqp-0-8-protocol"
"org.apache.qpid","qpid-broker-plugins-amqp-1-0-protocol"
"org.apache.qpid","qpid-client"
"org.apache.qpid","qpid-common"
"org.apache.qpid","qpid-java-build"
"org.apache.qpid","qpid-jms-client"
"org.apache.ranger","ranger"
"org.apache.ranger","ranger-kafka-plugin"
"org.apache.ranger","ranger-plugins-common"
"org.apache.rat","apache-rat"
"org.apache.rave","rave-core"
"org.apache.rave","rave-web"
"org.apache.rocketmq","rocketmq-broker"
"org.apache.rocketmq","rocketmq-client"
"org.apache.rocketmq","rocketmq-common"
"org.apache.sanselan","sanselan"
"org.apache.santuario","xmlsec"
"org.apache.servicemix.bundles","org.apache.servicemix.bundles.bcprov-jdk15on"
"org.apache.servicemix.bundles","org.apache.servicemix.bundles.opensaml"
"org.apache.shardingsphere","shardingsphere"
"org.apache.shiro","shiro-all"
"org.apache.shiro","shiro-core"
"org.apache.shiro","shiro-guice"
"org.apache.shiro","shiro-root"
"org.apache.shiro","shiro-spring"
"org.apache.shiro","shiro-spring-boot-web-starter"
"org.apache.shiro","shiro-web"
"org.apache.skywalking","storage-jdbc-hikaricp-plugin"
"org.apache.sling","org.apache.sling.api"
"org.apache.sling","org.apache.sling.auth.core"
"org.apache.sling","org.apache.sling.cms"
"org.apache.sling","org.apache.sling.cms.ui"
"org.apache.sling","org.apache.sling.jcr.contentloader"
"org.apache.sling","org.apache.sling.jcr.jackrabbit.server"
"org.apache.sling","org.apache.sling.servlets.post"
"org.apache.sling","org.apache.sling.xss"
"org.apache.solr","solr"
"org.apache.solr","solr-cell"
"org.apache.solr","solr-core"
"org.apache.solr","solr-dataimporthandler"
"org.apache.solr","solr-solrj"
"org.apache.solr","solr-test-framework"
"org.apache.solr","solr-velocity"
"org.apache.spark","spark-catalyst_2.10"
"org.apache.spark","spark-catalyst_2.11"
"org.apache.spark","spark-core_2.10"
"org.apache.spark","spark-core_2.11"
"org.apache.spark","spark-launcher_2.10"
"org.apache.spark","spark-launcher_2.11"
"org.apache.stanbol","org.apache.stanbol.entityhub.indexing.dblp"
"org.apache.stanbol","org.apache.stanbol.entityhub.indexing.dbpedia"
"org.apache.stanbol","org.apache.stanbol.entityhub.indexing.freebase"
"org.apache.stanbol","org.apache.stanbol.entityhub.indexing.genericrdf"
"org.apache.stanbol","org.apache.stanbol.entityhub.indexing.geonames"
"org.apache.storm","storm"
"org.apache.storm","storm-core"
"org.apache.storm","storm-starter"
"org.apache.stratos","org.apache.stratos.cli"
"org.apache.struts","struts2-assembly"
"org.apache.struts","struts2-config-browser-plugin"
"org.apache.struts","struts2-convention-plugin"
"org.apache.struts","struts2-core"
"org.apache.struts","struts2-javatemplates-plugin"
"org.apache.struts","struts2-rest-plugin"
"org.apache.struts","struts2-rest-showcase"
"org.apache.struts","struts2-showcase"
"org.apache.struts","struts2-struts1-plugin"
"org.apache.struts","struts-core"
"org.apache.struts","struts-master"
"org.apache.struts.xwork","xwork-core"
"org.apache.synapse","Apache-Synapse"
"org.apache.synapse","synapse-core"
"org.apache.syncope","syncope"
"org.apache.syncope","syncope-console"
"org.apache.syncope","syncope-core"
"org.apache.syncope.client","syncope-client-console"
"org.apache.syncope.common","syncope-common-lib"
"org.apache.syncope.core","syncope-core-logic"
"org.apache.syncope.core","syncope-core-persistence-jpa"
"org.apache.syncope.core","syncope-core-provisioning-java"
"org.apache.syncope.ext.camel","syncope-ext-camel-logic"
"org.apache.syncope.ext.elasticsearch","syncope-ext-elasticsearch-persistence-jpa"
"org.apache.taglibs","taglibs-standard"
"org.apache.taglibs","taglibs-standard-impl"
"org.apache.taglibs","taglibs-standard-spec"
"org.apache.tapestry","tapestry-core"
"org.apache.tapestry","tapestry-test"
"org.apache.thrift","libthrift"
"org.apache.tika","tika"
"org.apache.tika","tika-app"
"org.apache.tika","tika-bundle"
"org.apache.tika","tika-core"
"org.apache.tika","tika-java7"
"org.apache.tika","tika-parsers"
"org.apache.tika","tika-server"
"org.apache.tika","tika-xmp"
"org.apache.tomcat","catalina"
"org.apache.tomcat","catalina-ant"
"org.apache.tomcat","catalina-ha"
"org.apache.tomcat","coyote"
"org.apache.tomcat","el-api"
"org.apache.tomcat","jasper"
"org.apache.tomcat","tomcat"
"org.apache.tomcat","tomcat7-websocket"
"org.apache.tomcat","tomcat-catalina"
"org.apache.tomcat","tomcat-catalina-ant"
"org.apache.tomcat","tomcat-catalina-ha"
"org.apache.tomcat","tomcat-catalina-jmx-remote"
"org.apache.tomcat","tomcat-coyote"
"org.apache.tomcat","tomcat-el-api"
"org.apache.tomcat","tomcat-jasper"
"org.apache.tomcat","tomcat-util"
"org.apache.tomcat","tomcat-util-scan"
"org.apache.tomcat","tomcat-websocket"
"org.apache.tomcat.embed","tomcat-embed-core"
"org.apache.tomcat.embed","tomcat-embed-el"
"org.apache.tomcat.embed","tomcat-embed-jasper"
"org.apache.tomee","apache-tomee"
"org.apache.tomee","arquillian-tomee-common"
"org.apache.tomee","arquillian-tomee-embedded"
"org.apache.tomee","openejb-client"
"org.apache.tomee","openejb-core"
"org.apache.tomee","tomee"
"org.apache.tomee","tomee-common"
"org.apache.tomee","tomee-embedded"
"org.apache.tomee","tomee-webapp"
"org.apache.tuscany.sca","tuscany-binding-ws-runtime-axis2"
"org.apache.tuscany.sca.aggregation","tuscany-binding-ws-runtime-axis2-aggregation"
"org.apache.tuscany.sca.shades","tuscany-webservices-nodep"
"org.apache.uima","jVinci"
"org.apache.uima","uima-ducc-common"
"org.apache.uima","uimaj-adapter-vinci"
"org.apache.uima","uimaj-core"
"org.apache.uima","uimaj-ep-cas-editor"
"org.apache.uima","uimaj-examples"
"org.apache.uima","uimaj-tools"
"org.apache.unomi","shell-commands"
"org.apache.unomi","unomi"
"org.apache.unomi","unomi-kar"
"org.apache.unomi","unomi-persistence-elasticsearch-core"
"org.apache.unomi","unomi-plugins-base"
"org.apache.unomi","unomi-root"
"org.apache.unomi","unomi-services"
"org.apache.unomi","unomi-wab"
"org.apache.velocity","velocity"
"org.apache.whirr","whirr-cli"
"org.apache.wicket","wicket"
"org.apache.wicket","wicket-core"
"org.apache.wicket","wicket-extensions"
"org.apache.wicket","wicket-request"
"org.apache.wicket","wicket-util"
"org.apache.wink","apache-wink"
"org.apache.wink","wink"
"org.apache.wink","wink-assembly-aggregatejar-osgi"
"org.apache.wink","wink-client"
"org.apache.wink","wink-client-apache-httpclient"
"org.apache.wink","wink-common"
"org.apache.wink","wink-component-test-support"
"org.apache.wink","wink-jackson-provider"
"org.apache.wink","wink-jettison-provider"
"org.apache.wink","wink-json-provider"
"org.apache.wink","wink-providers"
"org.apache.wink","wink-server"
"org.apache.wink","wink-spring-support"
"org.apache.wink","wink-webdav"
"org.apache.wss4j","wss4j-ws-security-dom"
"org.apache.wss4j","wss4j-ws-security-stax"
"org.apache.ws.security","wss4j"
"org.apache.xmlgraphics","batik"
"org.apache.xmlgraphics","batik-dom"
"org.apache.xmlgraphics","batik-rasterizer"
"org.apache.xmlgraphics","batik-transcoder"
"org.apache.xmlgraphics","fop"
"org.apache.xmlgraphics","xmlgraphics-commons"
"org.apache.xmlrpc","xmlrpc"
"org.apache.zeppelin","zeppelin"
"org.apache.zeppelin","zeppelin-server"
"org.apache.zeppelin","zeppelin-zengine"
"org.apache.zookeeper","zookeeper"
"org.asynchttpclient","async-http-client"
"org.atmosphere.client","jquery"
"org.bdgenomics.adam","adam-cli_2.10"
"org.beanshell","bsh"
"org.beanshell","bsh-core"
"org.bedework","bw-webdav"
"org.bitbucket.b_c","jose4j"
"org.bouncycastle","bcmail-jdk14"
"org.bouncycastle","bcmail-jdk15on"
"org.bouncycastle","bcpg-jdk14"
"org.bouncycastle","bcpg-jdk15on"
"org.bouncycastle","bcpkix-jdk14"
"org.bouncycastle","bcpkix-jdk15on"
"org.bouncycastle","bcprov-debug-jdk14"
"org.bouncycastle","bcprov-debug-jdk15on"
"org.bouncycastle","bcprov-ext-debug-jdk15on"
"org.bouncycastle","bcprov-ext-jdk14"
"org.bouncycastle","bcprov-ext-jdk15"
"org.bouncycastle","bcprov-ext-jdk15on"
"org.bouncycastle","bcprov-ext-jdk16"
"org.bouncycastle","bcprov-jdk14"
"org.bouncycastle","bcprov-jdk15"
"org.bouncycastle","bcprov-jdk15+"
"org.bouncycastle","bcprov-jdk15on"
"org.bouncycastle","bcprov-jdk16"
"org.bouncycastle","bctls-jdk15on"
"org.bouncycastle.bcmail-jdk15on.1.57.org.bouncycastle","bcmail-jdk15on"
"org.bouncycastle.bcpg-jdk15on.1.57.org.bouncycastle","bcpg-jdk15on"
"org.bouncycastle.bcpkix-jdk15on.1.57.org.bouncycastle","bcpkix-jdk15on"
"org.bouncycastle.bcprov-ext-jdk15on.1.57.org.bouncycastle","bcprov-ext-jdk15on"
"org.bouncycastle.bcprov-jdk15on.1.57.org.bouncycastle","bcprov-jdk15on"
"org.bouncycastle.bctls-jdk15on.1.57.org.bouncycastle","bctls-jdk15on"
"org.cloudfoundry.identity","cloudfoundry-identity-common"
"org.cloudfoundry.identity","cloudfoundry-identity-login"
"org.cloudfoundry.identity","cloudfoundry-identity-scim"
"org.cloudfoundry.identity","cloudfoundry-identity-server"
"org.cloudfoundry.identity","cloudfoundry-identity-uaa"
"org.codehaus.castor","castor"
"org.codehaus.castor","castor-core"
"org.codehaus.castor","castor-xml"
"org.codehaus.groovy","groovy"
"org.codehaus.groovy","groovy-all"
"org.codehaus.jackson","jackson-mapper-asl"
"org.codehaus.jackson","jackson-mapper-lgpl"
"org.codehaus.mojo","exec-maven-plugin"
"org.codehaus.plexus","plexus"
"org.codehaus.plexus","plexus-archiver"
"org.codehaus.plexus","plexus-utils"
"org.codehaus.redback","redback-system"
"org.codehaus.sonar-plugins","sonar-build-stability-plugin"
"org.codehaus.sonar-plugins","sonar-crowd-plugin"
"org.codehaus.woodstox","woodstox-core-asl"
"org.codehaus.xfire","xfire-core"
"org.codelibs.fess","fess"
"org.controlsfx","controlsfx"
"org.coursera.courier","courier-swift-generator"
"org.craftercms","crafter-search-index-updater"
"org.craftercms","crafter-studio"
"org.cryptacular","cryptacular"
"org.darkphoenixs","log4j"
"org.dashbuilder","dashbuilder-backend"
"org.dashbuilder","dashbuilder-dataset-sql"
"org.directwebremoting","dwr"
"org.dom4j","dom4j"
"org.drools","drools"
"org.drools","drools-core"
"org.drools","drools-workbench-models-test-scenarios"
"org.duracloud","account-management-db-util"
"org.duracloud","synctoolui"
"org.duracloud.mill","auditlog-generator"
"org.duracloud.mill","loopingbittaskproducer"
"org.duracloud.mill","loopingduptaskproducer"
"org.duracloud.mill","manifest-builder"
"org.duracloud.mill","taskproducertool"
"org.duracloud.mill","taskreadertool"
"org.duracloud.mill","workman"
"org.eclipse.californium","californium-core"
"org.eclipse.che","che-parent"
"org.eclipse.che.core","che-ide-core"
"org.eclipse.hudson","hudson-core"
"org.eclipse.jetty","jetty-client"
"org.eclipse.jetty","jetty-http"
"org.eclipse.jetty","jetty-jaspi"
"org.eclipse.jetty","jetty-plus"
"org.eclipse.jetty","jetty-project"
"org.eclipse.jetty","jetty-proxy"
"org.eclipse.jetty","jetty-security"
"org.eclipse.jetty","jetty-server"
"org.eclipse.jetty","jetty-servlet"
"org.eclipse.jetty","jetty-servlets"
"org.eclipse.jetty","jetty-util"
"org.eclipse.jetty","jetty-webapp"
"org.eclipse.jetty.aggregate","jetty-all"
"org.eclipse.jetty.aggregate","jetty-all-server"
"org.eclipse.jetty.aggregate","jetty-client"
"org.eclipse.jetty.aggregate","jetty-plus"
"org.eclipse.jetty.aggregate","jetty-server"
"org.eclipse.jetty.aggregate","jetty-servlet"
"org.eclipse.jetty.aggregate","jetty-webapp"
"org.eclipse.jetty.aggregate","jetty-websocket"
"org.eclipse.jetty.websocket","websocket-server"
"org.eclipse.paho","org.eclipse.paho.client.mqttv3"
"org.eclipse.rdf4j","rdf4j-rio-rdfxml"
"org.eclipse.rdf4j","rdf4j-rio-trix"
"org.eclipse.rdf4j","rdf4j-util"
"org.eclipse.vorto","org.eclipse.vorto.core"
"org.eclipse.xtend","org.eclipse.xtend.core"
"org.eclipse.xtext","org.eclipse.xtext"
"org.elasticsearch","elasticsearch"
"org.elasticsearch","elasticsearch-groovy"
"org.esigate","esigate-core"
"org.fitnesse","fitnesse"
"org.fujion.webjars","lodash"
"org.fusesource.fabric.bridge","stream-log"
"org.fusesource.hawtjni","hawtjni-generator"
"org.fusesource.hawtjni","hawtjni-runtime"
"org.fusesource.jansi","jansi"
"org.fusesource.leveldbjni","leveldbjni-all"
"org.glassfish","jakarta.faces"
"org.glassfish","javax.faces"
"org.glassfish.admin","admin"
"org.glassfish.admin","admin-core"
"org.glassfish.admin","config-api"
"org.glassfish.admin","rest-service"
"org.glassfish.admingui","console-common"
"org.glassfish.common","glassfish-mbeanserver"
"org.glassfish.deployment","deployment"
"org.glassfish.distributions","web-all"
"org.glassfish.embedded","glassfish-embedded-all"
"org.glassfish.external","apache-commons"
"org.glassfish.external","libpam4j-repackaged"
"org.glassfish.extras","glassfish-embedded-all"
"org.glassfish.extras","glassfish-embedded-web"
"org.glassfish.grizzly","grizzly-project"
"org.glassfish.hk2","bean-validator"
"org.glassfish.hk2.external","bean-validator"
"org.glassfish.jersey.examples","groovy"
"org.glassfish.main.admin","admin"
"org.glassfish.main.admin","rest-service"
"org.glassfish.main.admingui","console-common"
"org.glassfish.main.common","glassfish-mbeanserver"
"org.glassfish.main.external","libpam4j-repackaged"
"org.glassfish.main.extras","glassfish-embedded-all"
"org.glassfish.main.orb","orb-iiop"
"org.glassfish.main.packager","glassfish-web"
"org.glassfish.main.web","web-core"
"org.glassfish.main.web","web-naming"
"org.glassfish.metro","webservices-rt"
"org.glassfish.orb","orb-iiop"
"org.glassfish.packager","glassfish-web"
"org.glassfish.security","security"
"org.glassfish.web","javax.servlet.jsp.jstl"
"org.glassfish.web","jstl"
"org.glassfish.web","web-core"
"org.glassfish.web","web-naming"
"org.grails","grails"
"org.grails","grails-core"
"org.grails","grails-plugin-controllers"
"org.grails","grails-resources"
"org.graphwalker","graphwalker"
"org.graylog2","graylog2"
"org.graylog2","graylog2-bootstrap"
"org.graylog2","graylog2-radio"
"org.graylog2","graylog2-server"
"org.hibernate","hibernate-core"
"org.hibernate","hibernate-validator"
"org.hibernate.validator","hibernate-validator"
"org.hornetq","hornetq-selector"
"org.hornetq.rest","hornetq-rest"
"org.hudsonci.plugins","active-directory"
"org.hudsonci.plugins","copy-to-slave"
"org.hudsonci.plugins","email-ext"
"org.hudsonci.plugins","favorite"
"org.hudsonci.plugins","git"
"org.hudsonci.plugins","global-build-stats"
"org.hudsonci.plugins","groovy-postbuild"
"org.hudsonci.plugins","htmlpublisher"
"org.hudsonci.plugins","mercurial"
"org.hudsonci.plugins","perforce"
"org.hudsonci.plugins","token-macro"
"org.hudsonci.plugins","translation"
"org.hudsonci.tools","xstream"
"org.idpf","epubcheck"
"org.igniterealtime.openfire","xmppserver"
"org.igniterealtime.smack","smack"
"org.igniterealtime.smack","smack-core"
"org.igniterealtime.smack","smack-experimental"
"org.igniterealtime.smack","smack-extensions"
"org.igniterealtime.smack","smack-jingle"
"org.igniterealtime.smack","smack-legacy"
"org.igniterealtime.smack","smack-tcp"
"org.igniterealtime.smack","smackx"
"org.immutables","immutables"
"org.infinispan","infinispan"
"org.infinispan","infinispan-cli"
"org.infinispan","infinispan-client-hotrod"
"org.infinispan","infinispan-cli-interpreter"
"org.infinispan","infinispan-commons"
"org.infinispan","infinispan-compatibility-mode-it"
"org.infinispan","infinispan-core"
"org.infinispan","infinispan-scripting"
"org.infinispan","infinispan-server-core"
"org.infinispan","infinispan-server-hotrod"
"org.infinispan","infinispan-server-memcached"
"org.infinispan","infinispan-server-rest"
"org.infinispan","infinispan-server-runtime"
"org.infinispan","infinispan-spring5-common"
"org.infinispan","infinispan-spring5-embedded"
"org.infinispan","infinispan-spring5-remote"
"org.infinispan.server","infinispan-server-endpoints"
"org.jasig.cas","cas-server-support-ldap"
"org.jasig.cas.client","cas-client-core"
"org.jasig.portal","uportal-war"
"org.jasig.uportal","uportal"
"org.jasypt","jasypt"
"org.java-websocket","Java-WebSocket"
"org.jboss.as","jboss-as-messaging"
"org.jboss.as","jboss-as-server"
"org.jboss.as","jboss-as-web"
"org.jboss.netty","netty"
"org.jboss.resteasy","resteasy-core"
"org.jboss.resteasy","resteasy-jaxb-provider"
"org.jboss.resteasy","resteasy-jaxrs"
"org.jboss.resteasy","resteasy-yaml-provider"
"org.jboss.seam","seam"
"org.jboss.spec.javax.faces","jboss-jsf-api_2.2_spec"
"org.jboss.weld","weld-core"
"org.jboss.weld","weld-core-impl"
"org.jboss.weld","weld-osgi-bundle"
"org.jboss.ws.cxf","jbossws-cxf-client"
"org.jbpm","jbpm"
"org.jbpm","jbpm-bpmn2"
"org.jbpm","jbpm-console-ng"
"org.jbpm","jbpm-console-ng-human-tasks"
"org.jbpm","jbpm-console-ng-human-tasks-client"
"org.jbpm","jbpm-designer-backend"
"org.jbpm","jbpm-designer-client"
"org.jbundle.util.backup","org.jbundle.util.backup"
"org.jglobus","JGlobus-Core"
"org.jgroups","jgroups"
"org.jolokia","jolokia"
"org.jolokia","jolokia-core"
"org.jolokia","jolokia-jvm"
"org.jolokia","jolokia-osgi"
"org.jolokia","jolokia-roo"
"org.jolokia","jolokia-war"
"org.jooby","jooby"
"org.jooby","jooby-assets"
"org.jruby","jruby"
"org.jruby","jruby-core"
"org.jruby","jruby-stdlib"
"org.jruby.jcodings","jcodings"
"org.jsecurity","jsecurity"
"org.jsoup","jsoup"
"org.jvnet.hudson","selenium-grid-hub-standalone"
"org.jvnet.hudson","selenium-grid-remote-control-standalone"
"org.jvnet.hudson","xstream"
"org.jvnet.hudson.main","hudson-core"
"org.jvnet.hudson.plugins","active-directory"
"org.jvnet.hudson.plugins","artifactory"
"org.jvnet.hudson.plugins","build-publisher"
"org.jvnet.hudson.plugins","ccm"
"org.jvnet.hudson.plugins","checkstyle"
"org.jvnet.hudson.plugins","copy-to-slave"
"org.jvnet.hudson.plugins","distfork"
"org.jvnet.hudson.plugins","dry"
"org.jvnet.hudson.plugins","email-ext"
"org.jvnet.hudson.plugins","favorite"
"org.jvnet.hudson.plugins","global-build-stats"
"org.jvnet.hudson.plugins","groovy-postbuild"
"org.jvnet.hudson.plugins","perforce"
"org.jvnet.hudson.plugins","release"
"org.jvnet.hudson.plugins","speaks"
"org.jvnet.hudson.plugins","subversion"
"org.jvnet.hudson.plugins","translation"
"org.jvnet.hudson.plugins","warnings"
"org.jvnet.hudson.plugins.m2release","m2release"
"org.jvnet.hudson.plugins.m2release","nexus"
"org.jvnet.libpam4j","libpam4j"
"org.kaazing","k3po.launcher"
"org.kairosdb","kairosdb"
"org.kevoree.modeling","generator.standalone"
"org.kevoree.modeling","org.kevoree.modeling.generator.standalone"
"org.keycloak","keycloak-authz-client"
"org.keycloak","keycloak-common"
"org.keycloak","keycloak-core"
"org.keycloak","keycloak-forms"
"org.keycloak","keycloak-ldap-federation"
"org.keycloak","keycloak-model-infinispan"
"org.keycloak","keycloak-model-jpa"
"org.keycloak","keycloak-parent"
"org.keycloak","keycloak-saml-core"
"org.keycloak","keycloak-server-feature-pack"
"org.keycloak","keycloak-server-spi-private"
"org.keycloak","keycloak-services"
"org.keycloak","keycloak-subsystem"
"org.keycloak","keycloak-themes"
"org.keycloak","keycloak-wildfly-server-subsystem"
"org.kie","kie-drools-wb"
"org.kie","kie-drools-wb-distribution-wars"
"org.kie","kie-drools-wb-webapp"
"org.kie","kie-wb"
"org.kie","kie-wb-distribution-wars"
"org.kie","kie-wb-webapp"
"org.kie.server","kie-server"
"org.kie.workbench.screens","kie-wb-common-project-explorer-backend"
"org.kill-bill.billing.plugin.java","accertify-plugin"
"org.kohsuke","libpam4j"
"org.lappsgrid","all"
"org.ldaptive","ldaptive"
"org.lucee","commons-fileupload"
"org.lucee","dom4j"
"org.lucee","lucee"
"org.mapfish.print","print-standalone"
"org.membrane-soa","service-proxy-core"
"org.mindrot","jbcrypt"
"org.molgenis","molgenis-data-annotators"
"org.mongodb","mongo-java-driver"
"org.mortbay.jasper","apache-el"
"org.mortbay.jasper","apache-jsp"
"org.mortbay.jetty","jetty"
"org.mortbay.jetty","jetty-plus"
"org.mortbay.jetty","jetty-runner"
"org.mortbay.jetty","jetty-test"
"org.mortbay.jetty","jetty-webapp"
"org.mule","mule"
"org.mule.runtime","mule"
"org.mybatis","mybatis"
"org.nd4j","nd4j-common"
"org.neo4j","neo4j"
"org.neo4j","neo4j-advanced"
"org.neo4j","neo4j-community"
"org.neo4j","neo4j-enterprise"
"org.neo4j","neo4j-kernel"
"org.neo4j","neo4j-security"
"org.neo4j","neo4j-security-enterprise"
"org.neo4j","server-api"
"org.neo4j.app","neo4j-server"
"org.neo4j.doc","neo4j-cypherdoc"
"org.odata4j","odata4j-core"
"org.onosproject","onlab-stc"
"org.onosproject","onos"
"org.onosproject","onos-app-oecfg"
"org.onosproject","onos-cli"
"org.onosproject","onos-core-common"
"org.onosproject","onos-core-net"
"org.onosproject","onos-drivers-utilities"
"org.onosproject","onos-netconf-api"
"org.onosproject","onos-netconf-provider-device"
"org.onosproject","onos-of-ctl"
"org.onosproject","onos-ovsdb-rfc"
"org.onosproject","onos-protocols-ovsdb-rfc"
"org.onosproject","onos-providers-netconf"
"org.openapitools","openapi-generator"
"org.opencastproject","base"
"org.opencastproject","opencast-common"
"org.opencastproject","opencast-ingest-service-impl"
"org.opencastproject","opencast-kernel"
"org.opencastproject","opencast-userdirectory"
"org.opencms","opencms-core"
"org.opencms","opencms-upload"
"org.openhab.distro","openhab"
"org.openid4java","openid4java"
"org.opensaml","opensaml"
"org.opensaml","xmltooling"
"org.ops4j.pax.runner","pax-runner"
"org.ops4j.pax.runner","pax-runner-eclipse-core"
"org.ops4j.pax.runner","pax-runner-no-jcl"
"org.ops4j.pax.scanner","pax-scanner-all"
"org.ops4j.pax.scanner","pax-scanner-features"
"org.ops4j.pax.wicket","org.ops4j.pax.wicket.service"
"org.orienteer","orienteer-standalone"
"org.ow2.bundles","ow2-bundles-externals-cxf"
"org.ow2.bundles","ow2-bundles-externals-cxf-2.0"
"org.ow2.bundles","ow2-bundles-externals-cxf-2.2"
"org.ow2.jasmine.monitoring","jasmine-eos-common-server"
"org.ow2.jonas","jonas-web-container-tomcat-7.0"
"org.ow2.jonas","jonas-webservices-axis-core"
"org.ow2.jonas.assemblies","client-jar"
"org.ow2.jonas.camel","camel-jonas5-cxf"
"org.ow2.orchestra","orchestra-axis"
"org.ow2.orchestra","orchestra-axis-osgi"
"org.ow2.orchestra","orchestra-axis-parent"
"org.ow2.orchestra","orchestra-rest-client"
"org.owasp","antisamy"
"org.owasp","dependency-check-core"
"org.owasp.antisamy","antisamy"
"org.owasp.esapi","esapi"
"org.pac4j","pac4j"
"org.picketbox","jbosssx"
"org.picketbox","jbosssx-bare"
"org.picketbox","picketbox"
"org.picketlink","picketlink"
"org.picketlink","picketlink-jbas7-single"
"org.picketlink","picketlink-tomcat-common"
"org.primefaces","primefaces"
"org.python","jython"
"org.python","jython-standalone"
"org.quartz-scheduler","quartz-parent"
"org.red5","red5-io"
"org.richfaces","richfaces"
"org.richfaces","richfaces-a4j"
"org.richfaces.core","richfaces-core-impl"
"org.rundeck","rundeck"
"org.sakaiproject","base"
"org.scala-lang","jline"
"org.scala-lang","scala-actors"
"org.scala-lang","scala-compiler"
"org.scala-lang","scala-library"
"org.scala-lang","scalap"
"org.scala-lang","scala-reflect"
"org.scala-lang","scala-swing"
"org.scala-lang","scala-xml"
"org.simpleframework","simple-xml"
"org.slf4j","slf4j-ext"
"org.sonatype.nexus","nexus-core"
"org.sonatype.nexus","nexus-parent"
"org.sonatype.nexus.xstream","xstream"
"org.spark-project.spark","unused"
"org.spincast","spincast-quickstart"
"org.spincast","spincast-website"
"org.springblade","blade-core-log"
"org.springframework","spring"
"org.springframework","spring-context"
"org.springframework","spring-core"
"org.springframework","spring-jms"
"org.springframework","spring-messaging"
"org.springframework","spring-oxm"
"org.springframework","spring-web"
"org.springframework","spring-webflux"
"org.springframework","spring-webmvc"
"org.springframework","spring-websocket"
"org.springframework.amqp","spring-amqp"
"org.springframework.amqp","spring-rabbit"
"org.springframework.batch","spring-batch-admin-manager"
"org.springframework.batch","spring-batch-core"
"org.springframework.boot","spring-boot"
"org.springframework.boot","spring-boot-loader-tools"
"org.springframework.boot","spring-boot-tools"
"org.springframework.cloud","spring-cloud-config"
"org.springframework.cloud","spring-cloud-config-server"
"org.springframework.cloud","spring-cloud-netflix"
"org.springframework.data","spring-data-commons"
"org.springframework.data","spring-data-jpa"
"org.springframework.data","spring-data-rest-webmvc"
"org.springframework.flex","spring-flex"
"org.springframework.integration","spring-integration-xml"
"org.springframework.integration","spring-integration-zip"
"org.springframework.ldap","spring-ldap-core"
"org.springframework.security","spring-security-cas"
"org.springframework.security","spring-security-config"
"org.springframework.security","spring-security-core"
"org.springframework.security","spring-security-ldap"
"org.springframework.security","spring-security-parent"
"org.springframework.security","spring-security-web"
"org.springframework.security.oauth","spring-security-oauth"
"org.springframework.security.oauth","spring-security-oauth2"
"org.springframework.social","spring-social-core"
"org.springframework.social","spring-social-web"
"org.springframework.webflow","spring-webflow"
"org.springframework.ws","spring-ws"
"org.springframework.ws","spring-xml"
"org.tinygroup","weixin"
"org.torpedoquery","org.torpedoquery"
"org.typelevel","scala-library"
"org.uberfire","uberfire"
"org.uberfire","uberfire-io"
"org.uberfire","uberfire-security"
"org.uberfire","uberfire-security-server"
"org.uberfire","uberfire-server"
"org.webjars","angularjs"
"org.webjars","bootstrap"
"org.webjars","datatables"
"org.webjars","dojo"
"org.webjars","i18next"
"org.webjars","jquery"
"org.webjars","jshamcrest"
"org.webjars","knockout"
"org.webjars","lodash"
"org.webjars","marked"
"org.webjars","mathjs"
"org.webjars","mout"
"org.webjars","npm"
"org.webjars","remarkable"
"org.webjars","request"
"org.webjars","summernote"
"org.webjars","swagger-ui"
"org.webjars","uglifyjs"
"org.webjars.bower","angular"
"org.webjars.bower","angular-1.1.6"
"org.webjars.bower","angularjs"
"org.webjars.bower","angular-latest"
"org.webjars.bower","angulerjs"
"org.webjars.bower","bootstrap"
"org.webjars.bower","bootstrap-tagsinput"
"org.webjars.bower","Chart.js"
"org.webjars.bower","datatables"
"org.webjars.bower","dijit"
"org.webjars.bower","dojo"
"org.webjars.bower","dompurify"
"org.webjars.bower","editor.md"
"org.webjars.bower","elfinder"
"org.webjars.bower","fast-json-patch"
"org.webjars.bower","fileapi"
"org.webjars.bower","github-com-angular-angular-js"
"org.webjars.bower","i18next"
"org.webjars.bower","jointjs"
"org.webjars.bower","jquery"
"org.webjars.bower","jquery-ui"
"org.webjars.bower","jquery-validation"
"org.webjars.bower","knockout"
"org.webjars.bower","knockoutjs"
"org.webjars.bower","lodash"
"org.webjars.bower","markdown-it"
"org.webjars.bower","marked"
"org.webjars.bower","mathjs"
"org.webjars.bower","moment"
"org.webjars.bower","mxgraph"
"org.webjars.bower","ngDialog"
"org.webjars.bower","node-uuid"
"org.webjars.bower","npm"
"org.webjars.bower","react"
"org.webjars.bower","swagger-ui"
"org.webjars.bower","thrift"
"org.webjars.bower","tui-editor"
"org.webjars.bower","typeahead.js"
"org.webjars.bower","vega"
"org.webjars.bower","vega-embed"
"org.webjars.bower","zeroclipboard"
"org.webjars.bowergithub.chartjs","chart.js"
"org.webjars.bowergithub.dojo","dijit"
"org.webjars.bowergithub.dojo","dojo"
"org.webjars.bowergithub.faisalman","ua-parser-js"
"org.webjars.bowergithub.jgraph","mxgraph"
"org.webjars.bowergithub.knockout","knockout"
"org.webjars.bowergithub.lodash","lodash"
"org.webjars.bowergithub.moment","moment"
"org.webjars.bowergithub.openpgpjs","openpgpjs"
"org.webjars.bowergithub.pandao","editor.md"
"org.webjars.bowergithub.sparksuite","simplemde-markdown-editor"
"org.webjars.bowergithub.twbs","bootstrap"
"org.webjars.npm","angular"
"org.webjars.npm","angular-bootstrap"
"org.webjars.npm","angular-material"
"org.webjars.npm","auth0-js"
"org.webjars.npm","bootstrap"
"org.webjars.npm","bower"
"org.webjars.npm","brace-expansion"
"org.webjars.npm","cached-path-relative"
"org.webjars.npm","chart.js"
"org.webjars.npm","closure-util"
"org.webjars.npm","connect"
"org.webjars.npm","datatables"
"org.webjars.npm","deap"
"org.webjars.npm","dijit"
"org.webjars.npm","dojo"
"org.webjars.npm","ecstatic"
"org.webjars.npm","ejs"
"org.webjars.npm","eslint-utils"
"org.webjars.npm","exceljs"
"org.webjars.npm","faye"
"org.webjars.npm","formiojs"
"org.webjars.npm","handlebars"
"org.webjars.npm","jqtree"
"org.webjars.npm","jquery"
"org.webjars.npm","jshamcrest"
"org.webjars.npm","json-pointer"
"org.webjars.npm","json-ptr"
"org.webjars.npm","knockout"
"org.webjars.npm","localtunnel"
"org.webjars.npm","lodash"
"org.webjars.npm","lodash.merge"
"org.webjars.npm","markdown-to-jsx"
"org.webjars.npm","marked"
"org.webjars.npm","mathjs"
"org.webjars.npm","minimatch"
"org.webjars.npm","moment"
"org.webjars.npm","mout"
"org.webjars.npm","mqtt-packet"
"org.webjars.npm","mxgraph"
"org.webjars.npm","negotiator"
"org.webjars.npm","ng-tags-input"
"org.webjars.npm","nodemailer"
"org.webjars.npm","node-sass"
"org.webjars.npm","node-uuid"
"org.webjars.npm","npm"
"org.webjars.npm","nunjucks"
"org.webjars.npm","pouchdb"
"org.webjars.npm","qs"
"org.webjars.npm","react"
"org.webjars.npm","request"
"org.webjars.npm","riot"
"org.webjars.npm","safer-eval"
"org.webjars.npm","semver"
"org.webjars.npm","send"
"org.webjars.npm","shell-quote"
"org.webjars.npm","simplemde"
"org.webjars.npm","swagger-ui"
"org.webjars.npm","tough-cookie"
"org.webjars.npm","ua-parser-js"
"org.webjars.npm","uglify-js"
"org.webjars.npm","vulcanize"
"org.webjars.npm","webpack-dev-server"
"org.webjars.npm","y18n"
"org.webswing","webswing"
"org.wildfly","wildfly-core"
"org.wildfly","wildfly-ejb3"
"org.wildfly","wildfly-model-test"
"org.wildfly","wildfly-naming"
"org.wildfly","wildfly-parent"
"org.wildfly","wildfly-server"
"org.wildfly","wildfly-undertow"
"org.wildfly","wildfly-webservices-server-integration"
"org.wildfly.core","wildfly-core-parent"
"org.wildfly.core","wildfly-deployment-repository"
"org.wildfly.core","wildfly-host-controller"
"org.wildfly.openssl","wildfly-openssl-parent"
"org.wildfly.security","wildfly-elytron"
"org.wildfly.swarm","camel-core"
"org.wso2.carbon","org.wso2.carbon.ui"
"org.wso2.carbon.analytics-common","org.wso2.carbon.event.publisher.core"
"org.wso2.carbon.analytics-common","org.wso2.carbon.event.receiver.core"
"org.wso2.carbon.apimgt","apimgt-feature"
"org.wso2.carbon.apimgt","org.wso2.carbon.apimgt.store.feature"
"org.wso2.carbon.business-process","org.wso2.carbon.bpmn.humantaskweb"
"org.wso2.carbon.commons","org.wso2.carbon.tools.wsdlvalidator"
"org.wso2.carbon.governance","org.wso2.carbon.governance.generic"
"org.wso2.carbon.governance","org.wso2.carbon.governance.generic.ui"
"org.wso2.carbon.governance","org.wso2.carbon.governance.lcm"
"org.wso2.carbon.identity.framework","identity-core"
"org.wso2.carbon.identity.framework","org.wso2.carbon.identity.entitlement.ui"
"org.wso2.carbon.identity.framework","org.wso2.carbon.policyeditor.ui"
"org.wso2.is","identity-server-parent"
"org.wso2.transport.http","org.wso2.transport.http.netty"
"org.xwiki.commons","xwiki-commons"
"org.zeroturnaround","zt-zip"
"org.zkoss.common","zweb"
"orientdb","orientdb"
"osh","osh"
"ovirt","ovirt"
"owasp","enterprise_security_api"
"pivotal","spring_security_oauth"
"pivotal","spring_web_flow"
"pivotal_software","cloud_foundry_uaa"
"pivotal_software","spring_advanced_message_queuing_protocol"
"pivotal_software","spring_boot"
"pivotal_software","spring_data_jpa"
"pivotal_software","spring_data_rest"
"pivotal_software","spring_framework"
"pivotal_software","spring-ldap"
"pivotal_software","spring_security"
"pivotal_software","uaa-release"
"playframework","play_framework"
"poi","poi"
"projectforge","projectforge"
"pu-gh","sockso"
"redhat","icedtea"
"redhat","icedtea-web"
"redhat","jboss_enterprise_application_platform"
"redhat","jboss_fuse"
"redhat","jboss_weld"
"redhat","jboss_wildfly_application_server"
"redhat","jbpm"
"redhat","mod_cluster"
"redhat","resteasy"
"redhat","richfaces"
"redhat","spacewalk-java"
"redhat","undertow"
"restlet","restlet"
"ro.pippo","pippo-core"
"ro.pippo","pippo-session"
"se.bjurr.violations","violation-comments-to-gitlab-lib"
"slf4j","slf4j"
"smartbear","soapui"
"sparkjava","spark"
"springframework","spring-webmvc"
"springsource","spring_framework"
"squareup","okhttp"
"squareup","okhttp3"
"struts","struts"
"sun","jdk"
"sun","openjdk"
"swagger","swagger-codegen"
"swagger","swagger-parser"
"taglibs","standard"
"tibco","jasperreports_library"
"tomcat","catalina"
"tomcat","commons-fileupload"
"tomcat","jasper"
"tomcat","jasper-compiler"
"tomcat","jasper-runtime"
"tomcat","tomcat-coyote"
"tomcat","tomcat-jk"
"tomcat","tomcat-util"
"vmware","springsource_spring_security"
"wss4j","wss4j"
"xalan","serializer"
"xalan","xalan"
"xerces","xercesImpl"
"xfire","xfire"
"xml-security","xmlsec"
"xmltooling_project","xmltooling"
"xstream","xstream"
"xstream_project","xstream"
"yaxim","bruno"
"yaxim","yaxim"
"zkoss","zk_framework"
